Date,Open,High,Low,Close,Volume,Dividends,Stock Splits,Price Change,Volume Category,Weekday
2022-01-03 00:00:00-05:00,176.05276134987577,181.05229445977199,175.9339654689117,180.19097900390625,104487900,0.0,0.0,,Medium,0
2022-01-04 00:00:00-05:00,180.80477780369188,181.11167720796664,177.32984751406158,177.904052734375,99310400,0.0,0.0,Down,Medium,1
2022-01-05 00:00:00-05:00,177.81492794922832,178.36932873534664,172.89459831299553,173.1717987060547,94537600,0.0,0.0,Down,Medium,2
2022-01-06 00:00:00-05:00,170.97402225261916,173.548043730643,169.92461837668833,170.28102111816406,96904000,0.0,0.0,Down,Medium,3
2022-01-07 00:00:00-05:00,171.16214638901698,172.39965395881043,169.32073452091262,170.4493408203125,86709100,0.0,0.0,Stable,Medium,4
2022-01-10 00:00:00-05:00,167.3901972961038,170.77601561910149,166.4892883128352,170.4691162109375,106765600,0.0,0.0,Stable,Medium,0
2022-01-11 00:00:00-05:00,170.59783494959171,173.429237504294,169.1128260037476,173.3302459716797,76138300,0.0,0.0,Up,Low,1
2022-01-12 00:00:00-05:00,174.3598414567004,175.40924533692376,173.07284581871588,173.77574157714844,74805200,0.0,0.0,Stable,Low,2
2022-01-13 00:00:00-05:00,174.02323372208025,174.85483504219386,170.0731047921041,170.4691162109375,84505800,0.0,0.0,Down,Medium,3
2022-01-14 00:00:00-05:00,169.62761091106265,172.04322777577116,169.38010943076532,171.34033203125,80440800,0.0,0.0,Stable,Low,4
2022-01-18 00:00:00-05:00,169.7958983749319,170.81560319480948,167.7168951478327,168.10299682617188,90956700,0.0,0.0,Down,Medium,1
2022-01-19 00:00:00-05:00,168.3010063567733,169.37021456285368,164.2815847396123,164.5686798095703,94815000,0.0,0.0,Down,Medium,2
2022-01-20 00:00:00-05:00,165.311191176889,167.9842042509591,162.53917146417876,162.86587524414062,91420500,0.0,0.0,Down,Medium,3
2022-01-21 00:00:00-05:00,162.77675624943072,164.66767100435752,160.67794873037315,160.78684997558594,122848900,0.0,0.0,Down,Medium,4
2022-01-24 00:00:00-05:00,158.42077535471705,160.67798798301453,153.153935817827,160.00477600097656,162294600,0.0,0.0,Stable,High,0
2022-01-25 00:00:00-05:00,157.39114345503353,161.1333647792294,155.45074023093528,158.1831512451172,115798400,0.0,0.0,Down,Medium,1
2022-01-26 00:00:00-05:00,161.86597549038532,162.74708019614246,156.24274885280994,158.09405517578125,108275300,0.0,0.0,Stable,Medium,2
2022-01-27 00:00:00-05:00,160.8264531858642,162.20256076337864,156.69813045332086,157.6287384033203,121954600,0.0,0.0,Stable,Medium,3
2022-01-28 00:00:00-05:00,164.053848853349,168.64747463156408,161.17292868193948,168.62767028808594,179935700,0.0,0.0,Up,High,4
2022-01-31 00:00:00-05:00,168.45941112213438,173.25103615367465,167.81589820978868,173.03323364257812,115541600,0.0,0.0,Up,Medium,0
2022-02-01 00:00:00-05:00,172.27093482856998,173.09264160323227,170.587927686886,172.8649444580078,86213900,0.0,0.0,Stable,Medium,1
2022-02-02 00:00:00-05:00,173.00352358369815,174.12223503659285,171.59771707892025,174.08262634277344,84914300,0.0,0.0,Stable,Medium,2
2022-02-03 00:00:00-05:00,172.73622344797076,174.47864348230152,170.39980894344717,171.17201232910156,89418100,0.0,0.0,Down,Medium,3
2022-02-04 00:00:00-05:00,170.18077602660924,172.5796563894737,169.1895086495888,170.88458251953125,82465400,0.22,0.0,Stable,Low,4
2022-02-07 00:00:00-05:00,171.350467451423,172.43094518692237,169.45714326317366,170.16094970703125,77251200,0.0,0.0,Stable,Low,0
2022-02-08 00:00:00-05:00,170.2303186833444,173.81871637315277,169.93293548659796,173.30325317382812,74829200,0.0,0.0,Up,Low,1
2022-02-09 00:00:00-05:00,174.5125828615193,175.1073340696503,173.3726165762466,174.74057006835938,71285000,0.0,0.0,Stable,Low,2
2022-02-10 00:00:00-05:00,172.6192769056575,173.94757137972226,170.05189837917317,170.61691284179688,90865900,0.0,0.0,Down,Medium,3
2022-02-11 00:00:00-05:00,170.8250912862739,171.56854174239533,166.57254620695787,167.1673126220703,98670700,0.0,0.0,Down,Medium,4
2022-02-14 00:00:00-05:00,165.90838922473029,168.09909642895062,165.1054651992611,167.40521240234375,86185500,0.0,0.0,Stable,Medium,0
2022-02-15 00:00:00-05:00,169.47695320962967,171.43965801676265,168.7632396205746,171.2810516357422,62527400,0.0,0.0,Up,Low,1
2022-02-16 00:00:00-05:00,170.34926786706546,171.8262462583375,168.56498395007378,171.04315185546875,61177400,0.0,0.0,Stable,Low,2
2022-02-17 00:00:00-05:00,169.5364308681086,170.40875085900717,166.99878921335352,167.40521240234375,69589300,0.0,0.0,Down,Low,3
2022-02-18 00:00:00-05:00,168.33700207965728,169.05070054356474,164.73869732666938,165.83900451660156,82772700,0.0,0.0,Stable,Low,4
2022-02-22 00:00:00-05:00,163.53928048685717,165.23435428280618,160.7339921172811,162.8850555419922,91162800,0.0,0.0,Down,Medium,1
2022-02-23 00:00:00-05:00,164.0943831648147,164.69905682644028,158.35495211884296,158.6721649169922,90009200,0.0,0.0,Down,Medium,2
2022-02-24 00:00:00-05:00,151.2475538390105,161.42787239639142,150.6726170378804,161.31883239746094,141147500,0.0,0.0,Up,High,3
2022-02-25 00:00:00-05:00,162.40921086021282,163.67803163837567,159.46514613066114,163.410400390625,91974200,0.0,0.0,Up,Medium,4
2022-02-28 00:00:00-05:00,161.6360465533092,163.97543803026267,161.01154330240917,163.6780548095703,95056600,0.0,0.0,Stable,Medium,0
2022-03-01 00:00:00-05:00,163.2616962542609,165.14511291082616,160.5555411753086,161.77479553222656,83474400,0.0,0.0,Down,Low,1
2022-03-02 00:00:00-05:00,162.95440559849723,165.89847023347141,161.52697848753567,165.10545349121094,79724800,0.0,0.0,Up,Low,2
2022-03-03 00:00:00-05:00,166.9987949165887,167.43495492693344,164.10429635993654,164.77835083007812,76678400,0.0,0.0,Stable,Low,3
2022-03-04 00:00:00-05:00,163.0535360271563,164.10427676724368,160.68440818612697,161.74505615234375,83737200,0.0,0.0,Down,Low,4
2022-03-07 00:00:00-05:00,161.9334170899732,163.57892434011342,157.65113534872225,157.90887451171875,96418800,0.0,0.0,Down,Medium,0
2022-03-08 00:00:00-05:00,157.43307821168816,161.4576209878166,154.4394467616191,156.06512451171875,131148300,0.0,0.0,Down,Medium,1
2022-03-09 00:00:00-05:00,160.06982875344372,161.98298238084854,158.01791344380138,161.52699279785156,91454900,0.0,0.0,Up,Medium,2
2022-03-10 00:00:00-05:00,158.80101821254252,158.989361419365,154.6178690023566,157.1356964111328,105342000,0.0,0.0,Down,Medium,3
2022-03-11 00:00:00-05:00,157.54208811679152,157.88903768542303,153.15078170108927,153.37876892089844,96970100,0.0,0.0,Down,Medium,4
2022-03-14 00:00:00-04:00,150.12742589519166,152.77410770651994,148.78922414818115,149.30467224121094,108732100,0.0,0.0,Down,Medium,0
2022-03-15 00:00:00-04:00,149.582214237944,154.2114453664796,149.0667661849918,153.73562622070312,92964300,0.0,0.0,Up,Medium,1
2022-03-16 00:00:00-04:00,155.67852271027488,158.60275803646465,153.11114419468865,158.1963348388672,102300200,0.0,0.0,Up,Medium,2
2022-03-17 00:00:00-04:00,157.22488932947712,159.59401730431472,156.2534517201664,159.2173309326172,75615400,0.0,0.0,Stable,Low,3
2022-03-18 00:00:00-04:00,159.10830548274402,163.04363778981477,158.36485502360782,162.54800415039062,123511700,0.0,0.0,Up,Medium,4
2022-03-21 00:00:00-04:00,162.08208070560653,164.89729081069066,161.58644714756483,163.93576049804688,95811400,0.0,0.0,Stable,Medium,0
2022-03-22 00:00:00-04:00,164.06462655064757,167.94048487900454,163.46987531422116,167.34573364257812,81532000,0.0,0.0,Up,Low,1
2022-03-23 00:00:00-04:00,166.5229727690099,171.1323589329495,166.18593044504055,168.7235870361328,98062700,0.0,0.0,Stable,Medium,2
2022-03-24 00:00:00-04:00,169.56615716368157,172.6192618170366,168.7235891570076,172.5498809814453,90131400,0.0,0.0,Up,Medium,3
2022-03-25 00:00:00-04:00,172.36155301338798,173.74932110305383,171.2414161888834,173.1942138671875,80546200,0.0,0.0,Stable,Low,4
2022-03-28 00:00:00-04:00,170.6664739209418,174.19538277239084,170.49796031011837,174.0665283203125,90371900,0.0,0.0,Stable,Medium,0
2022-03-29 00:00:00-04:00,175.14700548096687,177.44673753928953,174.80005590779479,177.39718627929688,100589400,0.0,0.0,Up,Medium,1
2022-03-30 00:00:00-04:00,176.9907776079845,178.04151851502155,175.1569270717522,176.21759033203125,92633200,0.0,0.0,Stable,Medium,2
2022-03-31 00:00:00-04:00,176.28697907345958,176.47532228703255,172.87701702392917,173.08518981933594,103049300,0.0,0.0,Down,Medium,3
2022-04-01 00:00:00-04:00,172.51022715969754,173.35281031796424,170.43848237120457,172.78778076171875,78751300,0.0,0.0,Stable,Low,4
2022-04-04 00:00:00-04:00,173.04552973866717,176.9312955131963,172.91666015700346,176.88172912597656,76468400,0.0,0.0,Up,Low,0
2022-04-05 00:00:00-04:00,175.94994461650458,176.74296147650358,172.89683953710852,173.53125,73401800,0.0,0.0,Down,Low,1
2022-04-06 00:00:00-04:00,170.85480763857456,172.11372116203185,168.6442861155162,170.32943725585938,89058800,0.0,0.0,Down,Medium,2
2022-04-07 00:00:00-04:00,169.66531156665854,171.84609656130058,168.36675384771186,170.63674926757812,77594700,0.0,0.0,Stable,Low,3
2022-04-08 00:00:00-04:00,170.27988886638815,170.27988886638815,167.72241751821616,168.60464477539062,76575500,0.0,0.0,Down,Low,4
2022-04-11 00:00:00-04:00,167.23669353531054,167.5538911694186,164.0547192143459,164.3025360107422,72246700,0.0,0.0,Down,Low,0
2022-04-12 00:00:00-04:00,166.55273390376584,168.3865693105695,165.18478020665574,166.1958770751953,79265200,0.0,0.0,Up,Low,1
2022-04-13 00:00:00-04:00,165.92821741729253,169.54633667791725,165.31363658822593,168.91192626953125,70618900,0.0,0.0,Up,Low,2
2022-04-14 00:00:00-04:00,169.12999814068814,169.7743308705497,163.59872556819087,163.84654235839844,75329400,0.0,0.0,Down,Low,3
2022-04-18 00:00:00-04:00,162.48849753065755,165.1451011636673,162.1415631288496,163.6284637451172,69023900,0.0,0.0,Stable,Low,0
2022-04-19 00:00:00-04:00,163.57891992587136,166.35447115079717,162.47861271306476,165.93812561035156,67723800,0.0,0.0,Up,Low,1
2022-04-20 00:00:00-04:00,167.2862451309006,167.40520747877537,164.6494859073444,165.7696075439453,67929800,0.0,0.0,Stable,Low,2
2022-04-21 00:00:00-04:00,167.43495090331956,170.03206619727672,164.46114922301896,164.96669006347656,87227800,0.0,0.0,Stable,Medium,3
2022-04-22 00:00:00-04:00,165.0063366187588,166.4040118063295,160.08964489432256,160.37710571289062,84882400,0.0,0.0,Down,Medium,4
2022-04-25 00:00:00-04:00,159.71298617467934,161.74508721108586,157.0762265920136,161.45762634277344,96046400,0.0,0.0,Stable,Medium,0
2022-04-26 00:00:00-04:00,160.8331133962531,160.92232381977985,155.35140664277517,155.4307098388672,95623200,0.0,0.0,Down,Medium,1
2022-04-27 00:00:00-04:00,154.54848822398645,158.3945950589086,154.02311776553654,155.20272827148438,88063200,0.0,0.0,Stable,Medium,2
2022-04-28 00:00:00-04:00,157.85930550689923,163.08328801533926,157.54209273479066,162.21096801757812,130216800,0.0,0.0,Up,Medium,3
2022-04-29 00:00:00-04:00,160.42668168455637,164.7486073264787,155.87676881941587,156.2732696533203,131747600,0.0,0.0,Down,Medium,4
2022-05-02 00:00:00-04:00,155.34149760095795,156.8482129324933,151.93153583652065,156.58058166503906,123055300,0.0,0.0,Stable,Medium,0
2022-05-03 00:00:00-04:00,156.76892341672843,159.30658050685022,154.95491749909982,158.08731079101562,88966500,0.0,0.0,Stable,Medium,1
2022-05-04 00:00:00-04:00,158.27565211851262,165.02618018810924,157.86922888474598,164.57020568847656,108256500,0.0,0.0,Up,Medium,2
2022-05-05 00:00:00-04:00,162.4191443788186,162.64713161034837,153.59685681021196,155.40097045898438,130525300,0.0,0.0,Down,Medium,3
2022-05-06 00:00:00-04:00,154.8748262004885,158.2798765269892,153.05813992710523,156.13558959960938,116124600,0.23,0.0,Stable,Medium,4
2022-05-09 00:00:00-04:00,153.80264866053622,154.696108922872,150.3876924541417,150.9535369873047,131577900,0.0,0.0,Down,Medium,0
2022-05-10 00:00:00-04:00,154.38838751775543,155.59951159221254,151.81722173149993,153.38572692871094,115366700,0.0,0.0,Up,Medium,1
2022-05-11 00:00:00-04:00,152.38308684573647,154.31889501715608,144.74903922441572,145.43402099609375,142689800,0.0,0.0,Down,High,2
2022-05-12 00:00:00-04:00,141.7311531823983,145.13618787314408,137.79003926275462,141.52267456054688,182602000,0.0,0.0,Down,High,3
2022-05-13 00:00:00-04:00,143.53791338166033,147.02238319608435,142.06868657534454,146.03958129882812,113990900,0.0,0.0,Up,Medium,4
2022-05-16 00:00:00-04:00,144.49093973933415,146.44660666959047,143.13089794938585,144.4810028076172,86643800,0.0,0.0,Down,Medium,0
2022-05-17 00:00:00-04:00,147.77684341697514,148.6802255756009,145.61269797915526,148.15408325195312,78336300,0.0,0.0,Up,Low,1
2022-05-18 00:00:00-04:00,145.7814714098873,146.28775500898428,138.88203004967724,139.79534912109375,109742900,0.0,0.0,Down,Medium,2
2022-05-19 00:00:00-04:00,138.86220639216,140.62925349853944,135.60607362437568,136.35061645507812,136095600,0.0,0.0,Down,High,3
2022-05-20 00:00:00-04:00,138.07793749703902,139.67622327962164,131.645092083235,136.58885192871094,137426100,0.0,0.0,Stable,High,4
2022-05-23 00:00:00-04:00,136.7873974994793,142.21759757028707,136.64841678175944,142.06869506835938,117726300,0.0,0.0,Up,Medium,0
2022-05-24 00:00:00-04:00,139.78542197691854,140.93698510605824,136.33074773726096,139.3386993408203,104132700,0.0,0.0,Down,Medium,1
2022-05-25 00:00:00-04:00,137.42273921872214,140.75829157067912,137.33339771813021,139.49754333496094,92482700,0.0,0.0,Stable,Medium,2
2022-05-26 00:00:00-04:00,136.390306674351,143.28973326557036,136.1421257527405,142.7338104248047,90601500,0.0,0.0,Up,Medium,3
2022-05-27 00:00:00-04:00,144.33210213660297,148.5908802626007,144.20304320474298,148.55117797851562,90978500,0.0,0.0,Up,Medium,4
2022-05-31 00:00:00-04:00,147.98532587760639,149.56375288938744,145.77154117036707,147.75698852539062,103718400,0.0,0.0,Stable,Medium,1
2022-06-01 00:00:00-04:00,148.80928878088795,150.6359120510635,146.6054407742385,147.62796020507812,74286600,0.0,0.0,Stable,Low,2
2022-06-02 00:00:00-04:00,146.7543306182326,150.1693022028951,145.79138752089136,150.1097412109375,72348100,0.0,0.0,Up,Low,3
2022-06-03 00:00:00-04:00,145.83110316602864,146.8933247791657,143.4088701004318,144.32217407226562,88570300,0.0,0.0,Down,Medium,4
2022-06-06 00:00:00-04:00,145.96016840882157,147.48897143156546,143.8456620224507,145.07664489746094,71598400,0.0,0.0,Stable,Low,0
2022-06-07 00:00:00-04:00,143.29968391202706,147.91584343668424,143.0515029666635,147.62796020507812,67808200,0.0,0.0,Up,Low,1
2022-06-08 00:00:00-04:00,147.49887612629806,148.77948292109008,146.38703052785783,146.88339233398438,53950200,0.0,0.0,Stable,Low,2
2022-06-09 00:00:00-04:00,146.00980758802268,146.8734723832474,141.49291160052343,141.60211181640625,69473000,0.0,0.0,Down,Low,3
2022-06-10 00:00:00-04:00,139.25927565980368,139.7357787815499,136.0627042203906,136.1322021484375,91437900,0.0,0.0,Down,Medium,4
2022-06-13 00:00:00-04:00,131.90318157952223,134.21622941497344,130.48359408420694,130.92039489746094,122207100,0.0,0.0,Down,Medium,0
2022-06-14 00:00:00-04:00,132.1613091531334,132.91577370123463,130.52330598271703,131.7939910888672,84784300,0.0,0.0,Stable,Medium,1
2022-06-15 00:00:00-04:00,133.31287552581418,136.3406862155205,131.19838408330077,134.444580078125,91533000,0.0,0.0,Up,Medium,2
2022-06-16 00:00:00-04:00,131.11893816537355,131.42668006538247,128.10104986360264,129.11363220214844,108123900,0.0,0.0,Down,Medium,3
2022-06-17 00:00:00-04:00,129.12355852449727,132.11165093609412,128.86544070872029,130.6027069091797,134520300,0.0,0.0,Up,High,4
2022-06-21 00:00:00-04:00,132.44919290405485,136.0627065297986,132.3499296237102,134.88136291503906,81000500,0.0,0.0,Up,Low,1
2022-06-22 00:00:00-04:00,133.8092200881335,136.7576106719913,132.9356335376374,134.3651580810547,73409200,0.0,0.0,Stable,Low,2
2022-06-23 00:00:00-04:00,135.8244545208393,137.5815644420526,134.64311097581628,137.26390075683594,72433800,0.0,0.0,Up,Low,3
2022-06-24 00:00:00-04:00,138.88203854963987,140.8774228665344,138.75299477006664,140.62924194335938,89116800,0.0,0.0,Up,Medium,4
2022-06-27 00:00:00-04:00,141.66166791875244,142.44592811873193,139.94426017175448,140.62924194335938,70207900,0.0,0.0,Stable,Low,0
2022-06-28 00:00:00-04:00,141.0958177663617,142.37642461478964,136.3208194150737,136.43994140625,67083400,0.0,0.0,Down,Low,1
2022-06-29 00:00:00-04:00,136.45980887173667,139.64644352214572,135.67554865216982,138.2169189453125,66242400,0.0,0.0,Up,Low,2
2022-06-30 00:00:00-04:00,136.25133157263517,137.36317729993314,132.7966572429865,135.72518920898438,98964500,0.0,0.0,Down,Medium,3
2022-07-01 00:00:00-04:00,135.05011204008952,138.02828284364224,134.67288737211632,137.91908264160156,71051600,0.0,0.0,Up,Low,4
2022-07-05 00:00:00-04:00,136.76755200431583,140.57960747758273,135.93365256198211,140.52996826171875,73353800,0.0,0.0,Up,Low,1
2022-07-06 00:00:00-04:00,140.3214976239044,143.0713312992956,140.05345799008347,141.88006591796875,74064300,0.0,0.0,Stable,Low,2
2022-07-07 00:00:00-04:00,142.2473634173755,145.48365217167145,142.23744163418976,145.2851104736328,66253700,0.0,0.0,Up,Low,3
2022-07-08 00:00:00-04:00,144.20303064540428,146.4763762661496,143.94492795192568,145.97007751464844,64547800,0.0,0.0,Stable,Low,4
2022-07-11 00:00:00-04:00,144.61005415222928,145.572997317032,142.73380703531947,143.8158721923828,63141600,0.0,0.0,Down,Low,0
2022-07-12 00:00:00-04:00,144.6993818623864,147.36981068475808,143.99455661163788,144.7986602783203,77588800,0.0,0.0,Stable,Low,1
2022-07-13 00:00:00-04:00,141.94955689892961,145.38437216611206,141.0858770428347,144.43136596679688,71185600,0.0,0.0,Stable,Low,2
2022-07-14 00:00:00-04:00,143.03162281354528,147.86618205738918,142.20766038069377,147.38967895507812,78140700,0.0,0.0,Up,Low,3
2022-07-15 00:00:00-04:00,148.6901394277396,149.76228273225627,147.12163432378526,149.07730102539062,76259900,0.0,0.0,Up,Low,4
2022-07-18 00:00:00-04:00,149.64318763318747,150.4671501860218,145.63257509042197,145.99989318847656,81420900,0.0,0.0,Down,Low,0
2022-07-19 00:00:00-04:00,146.84368488355693,150.12959783972357,145.84103942025354,149.90127563476562,82982400,0.0,0.0,Up,Low,1
2022-07-20 00:00:00-04:00,150.02039451145652,152.60148208414427,149.2758517671536,151.92642211914062,64823400,0.0,0.0,Up,Low,2
2022-07-21 00:00:00-04:00,153.37579861856642,154.4380201582413,150.83442858613344,154.21961975097656,65086600,0.0,0.0,Up,Low,3
2022-07-22 00:00:00-04:00,154.2593242661837,155.1428476910099,152.29373572007518,152.96878051757812,66675400,0.0,0.0,Stable,Low,4
2022-07-25 00:00:00-04:00,152.8893819375884,153.91188620601224,151.1719740616575,151.83709716796875,53623900,0.0,0.0,Stable,Low,0
2022-07-26 00:00:00-04:00,151.15210384884918,151.97606633071229,149.70273574167712,150.49691772460938,55138700,0.0,0.0,Stable,Low,1
2022-07-27 00:00:00-04:00,151.46979603574118,156.18523398655745,151.05285386624263,155.64915466308594,78620700,0.0,0.0,Up,Low,2
2022-07-28 00:00:00-04:00,155.83776006052878,156.49296132906102,153.28646806313935,156.205078125,81378700,0.0,0.0,Stable,Low,3
2022-07-29 00:00:00-04:00,160.0667665213561,162.43937543512382,158.33942191994464,161.3275146484375,101786900,0.0,0.0,Up,Medium,4
2022-08-01 00:00:00-04:00,159.83843126014725,162.39966012415158,159.7193092680692,160.3347930908203,67829400,0.0,0.0,Stable,Low,0
2022-08-02 00:00:00-04:00,158.9350597643028,161.22824893378422,158.46847844479024,158.845703125,59907000,0.0,0.0,Stable,Low,1
2022-08-03 00:00:00-04:00,159.6696716507556,165.37783276052775,159.58033015580443,164.9211883544922,82507500,0.0,0.0,Up,Low,2
2022-08-04 00:00:00-04:00,164.802057337078,165.97347918953315,163.23355206046685,164.603515625,55474100,0.0,0.0,Stable,Low,3
2022-08-05 00:00:00-04:00,162.24749888246296,164.87192925071008,162.03873065336037,164.3748779296875,56697000,0.23,0.0,Stable,Low,4
2022-08-08 00:00:00-04:00,165.38884371034115,166.82035387271443,163.23164290160983,163.89768981933594,60276900,0.0,0.0,Stable,Low,0
2022-08-09 00:00:00-04:00,163.0527014843705,164.84208907505536,162.28723828775512,163.9473876953125,63135500,0.0,0.0,Stable,Low,1
2022-08-10 00:00:00-04:00,166.6911304336887,168.3413445262913,165.91573155524713,168.241943359375,70170500,0.0,0.0,Up,Low,2
2022-08-11 00:00:00-04:00,169.05710175033502,169.981625143728,167.19813456617948,167.49636840820312,57149200,0.0,0.0,Stable,Low,3
2022-08-12 00:00:00-04:00,168.81849992196163,171.15463177996858,168.4009635083527,171.08505249023438,68039400,0.0,0.0,Up,Low,4
2022-08-15 00:00:00-04:00,170.50849053382584,172.3674576326767,170.33949490382145,172.16864013671875,54091700,0.0,0.0,Stable,Low,0
2022-08-16 00:00:00-04:00,171.7610416171049,172.6855648992124,170.64765158762629,172.0095672607422,56377100,0.0,0.0,Stable,Low,1
2022-08-17 00:00:00-04:00,171.75111318137942,175.11116970804392,171.55229569197712,173.52061462402344,79542000,0.0,0.0,Stable,Low,2
2022-08-18 00:00:00-04:00,172.72533558822875,173.8685475692053,172.09904606416538,173.1229705810547,62290100,0.0,0.0,Stable,Low,3
2022-08-19 00:00:00-04:00,172.00957336680574,172.7153928940638,170.29971566437982,170.50848388671875,70346300,0.0,0.0,Down,Low,4
2022-08-22 00:00:00-04:00,168.68927985776972,168.8582754867634,166.1543150852595,166.581787109375,69026800,0.0,0.0,Down,Low,0
2022-08-23 00:00:00-04:00,166.09466509080892,167.71505719124045,165.66719308281202,166.2437744140625,54147100,0.0,0.0,Stable,Low,1
2022-08-24 00:00:00-04:00,166.33323915505275,167.1185734632123,165.2695421889627,166.5419921875,53841500,0.0,0.0,Stable,Low,2
2022-08-25 00:00:00-04:00,167.7846391796508,169.13661935113032,167.35718233359296,169.0272674560547,51218200,0.0,0.0,Up,Low,3
2022-08-26 00:00:00-04:00,169.56408490295894,170.041249895646,162.59541608646745,162.65505981445312,78961000,0.0,0.0,Down,Low,4
2022-08-29 00:00:00-04:00,160.19962917008817,161.93930873363652,158.87748605033718,160.42828369140625,73314000,0.0,0.0,Down,Low,0
2022-08-30 00:00:00-04:00,161.17386633770764,161.60132319310372,156.78987004226948,157.9728546142578,77906200,0.0,0.0,Down,Low,1
2022-08-31 00:00:00-04:00,159.36457407899903,159.6329860092314,156.2132708807033,156.2928009033203,87991100,0.0,0.0,Down,Medium,2
2022-09-01 00:00:00-04:00,155.7162500241605,157.48575165873473,153.7578664450861,157.02847290039062,74229900,0.0,0.0,Stable,Low,3
2022-09-02 00:00:00-04:00,158.80787968932827,159.41428284137288,154.05607079381832,154.89111328125,76957800,0.0,0.0,Down,Low,4
2022-09-06 00:00:00-04:00,155.5472289986997,156.1635677327629,152.7836250914596,153.61866760253906,73714800,0.0,0.0,Stable,Low,1
2022-09-07 00:00:00-04:00,153.90697629529427,155.74605705757313,152.70410543998995,155.04025268554688,87449600,0.0,0.0,Stable,Medium,2
2022-09-08 00:00:00-04:00,153.72803398009836,155.43789176039888,151.77958610180144,153.54910278320312,84923800,0.0,0.0,Stable,Medium,3
2022-09-09 00:00:00-04:00,154.5531361311841,156.88928336456686,153.83738102856478,156.44192504882812,68028800,0.0,0.0,Up,Low,4
2022-09-12 00:00:00-04:00,158.64883604164,163.29129353158893,158.36055295146778,162.4661865234375,104956000,0.0,0.0,Up,Medium,0
2022-09-13 00:00:00-04:00,158.95699854403776,159.59322359676912,152.46550982562525,152.9327392578125,122656600,0.0,0.0,Down,Medium,1
2022-09-14 00:00:00-04:00,153.87713588335606,156.17352564761967,152.70410208796778,154.39407348632812,87965400,0.0,0.0,Stable,Medium,2
2022-09-15 00:00:00-04:00,153.7379422076169,154.32447419812496,150.48723802498415,151.4713897705078,90481100,0.0,0.0,Down,Medium,3
2022-09-16 00:00:00-04:00,150.31826608989283,150.4574398520197,147.4950030786299,149.81126403808594,162278800,0.0,0.0,Down,High,4
2022-09-19 00:00:00-04:00,148.42944621192424,153.64848449036774,148.22069317531495,153.56895446777344,81474200,0.0,0.0,Up,Low,0
2022-09-20 00:00:00-04:00,152.49532670732881,157.14773457806697,152.1772217757577,155.9746856689453,107689800,0.0,0.0,Up,Medium,1
2022-09-21 00:00:00-04:00,156.41210805993703,157.80386087788722,152.6941738391562,152.81346130371094,101696800,0.0,0.0,Down,Medium,2
2022-09-22 00:00:00-04:00,151.48135586319546,153.5590266130833,150.0200238583572,151.8392333984375,86652500,0.0,0.0,Stable,Medium,3
2022-09-23 00:00:00-04:00,150.29837436292604,150.57672187712913,147.68387967365933,149.5428466796875,96029900,0.0,0.0,Down,Medium,4
2022-09-26 00:00:00-04:00,148.77740483714896,152.863167296889,148.75751853707166,149.880859375,93339400,0.0,0.0,Stable,Medium,0
2022-09-27 00:00:00-04:00,151.83923696514196,153.80755587080827,149.06568220966486,150.86500549316406,84442700,0.0,0.0,Stable,Medium,1
2022-09-28 00:00:00-04:00,146.76929163348552,149.75159911601543,143.9858016160309,148.95631408691406,146691400,0.0,0.0,Down,High,2
2022-09-29 00:00:00-04:00,145.2384175105857,145.85475636015974,139.85036726935218,141.63975524902344,128138200,0.0,0.0,Down,Medium,3
2022-09-30 00:00:00-04:00,140.44680154345667,142.25607539453804,137.18614652081385,137.3849639892578,124925300,0.0,0.0,Down,Medium,4
2022-10-03 00:00:00-04:00,137.3949238392378,142.22626297013235,136.87798625194168,141.6099090576172,114311700,0.0,0.0,Up,Medium,0
2022-10-04 00:00:00-04:00,144.17469105610752,145.35767551304633,143.4092278482999,145.23838806152344,87830100,0.0,0.0,Up,Medium,1
2022-10-05 00:00:00-04:00,143.220360264566,146.51083724600878,142.16659883003666,145.53660583496094,79471000,0.0,0.0,Stable,Low,2
2022-10-06 00:00:00-04:00,144.9501057820799,146.6698991289563,144.36358885580452,144.5723419189453,68402200,0.0,0.0,Stable,Low,3
2022-10-07 00:00:00-04:00,141.6993882350486,142.25609847332984,138.62761461816123,139.2638397216797,85925600,0.0,0.0,Down,Medium,4
2022-10-10 00:00:00-04:00,139.5918731689453,141.05320507775005,137.75279261967714,139.5918731689453,74899000,0.0,0.0,Stable,Low,0
2022-10-11 00:00:00-04:00,139.0749424101852,140.51640326068497,137.4048573864025,138.16036987304688,77033700,0.0,0.0,Down,Low,1
2022-10-12 00:00:00-04:00,138.3095042379958,139.53224622980463,137.34522347010034,137.52415466308594,70433700,0.0,0.0,Stable,Low,2
2022-10-13 00:00:00-04:00,134.1939369576771,142.743211587585,133.57758293203688,142.14675903320312,113224000,0.0,0.0,Up,Medium,3
2022-10-14 00:00:00-04:00,143.45894005117427,143.6677082660222,137.37503715128264,137.5639190673828,88598000,0.0,0.0,Down,Medium,4
2022-10-17 00:00:00-04:00,140.23808113673465,142.05727580658893,139.44279590913698,141.57017517089844,85250900,0.0,0.0,Up,Medium,0
2022-10-18 00:00:00-04:00,144.63199622376135,145.83485190424906,139.78077056471744,142.90225219726562,99136600,0.0,0.0,Stable,Medium,1
2022-10-19 00:00:00-04:00,140.85439591772297,144.09516484314776,140.66551400194888,143.0115966796875,61758300,0.0,0.0,Stable,Low,2
2022-10-20 00:00:00-04:00,142.17655944712342,145.02962908215443,141.80873116685106,142.54437255859375,64522000,0.0,0.0,Stable,Low,3
2022-10-21 00:00:00-04:00,142.02742886267407,146.97807056680443,141.80872508447706,146.4014892578125,86548600,0.0,0.0,Up,Medium,4
2022-10-24 00:00:00-04:00,146.32195253704597,149.34401752752342,145.13896810969175,148.56861877441406,75981900,0.0,0.0,Up,Low,0
2022-10-25 00:00:00-04:00,149.20485846245998,151.59071384961732,148.47916779777063,151.44158935546875,74732300,0.0,0.0,Up,Low,1
2022-10-26 00:00:00-04:00,150.06971332342556,151.09363763886057,147.1669208054626,148.46920776367188,88194300,0.0,0.0,Down,Medium,2
2022-10-27 00:00:00-04:00,147.1967643416124,148.17098054359107,143.27999806764873,143.946044921875,109180200,0.0,0.0,Down,Medium,3
2022-10-28 00:00:00-04:00,147.32602068604265,156.57117905444696,146.94827196565024,154.82156372070312,164762400,0.0,0.0,Up,High,4
2022-10-31 00:00:00-04:00,152.256753022807,153.33038561697853,151.0240603771727,152.43568420410156,97943200,0.0,0.0,Down,Medium,0
2022-11-01 00:00:00-04:00,154.16543331735568,154.53324642602882,148.2505258700241,149.7615509033203,80379300,0.0,0.0,Down,Low,1
2022-11-02 00:00:00-04:00,148.0715938922188,151.27260579455591,144.14489126731803,144.17471313476562,93604600,0.0,0.0,Down,Medium,2
2022-11-03 00:00:00-04:00,141.22221311216924,141.95785449789213,137.93173592890952,138.06097412109375,97918500,0.0,0.0,Down,Medium,3
2022-11-04 00:00:00-04:00,141.4863442652948,142.06388202909318,133.80910777144902,137.7921142578125,140814800,0.23,0.0,Stable,High,4
2022-11-07 00:00:00-05:00,136.52751065278036,138.55883735297928,135.09362583195076,138.32981872558594,83374600,0.0,0.0,Stable,Low,0
2022-11-08 00:00:00-05:00,139.81348623818715,140.82914193369797,136.9058933804032,138.9073486328125,89908500,0.0,0.0,Stable,Medium,1
2022-11-09 00:00:00-05:00,137.91159546954125,137.96138608792586,134.01820309890405,134.29701232910156,74917800,0.0,0.0,Down,Low,2
2022-11-10 00:00:00-05:00,140.63997620935567,146.2460479736328,138.9073627737481,146.2460479736328,118854000,0.0,0.0,Up,Medium,3
2022-11-11 00:00:00-05:00,145.20053449294082,149.37272176407356,143.7566822305136,149.0640411376953,93979700,0.0,0.0,Up,Medium,4
2022-11-14 00:00:00-05:00,148.3371260080859,149.64155825167242,146.80365994304128,147.65005493164062,73374100,0.0,0.0,Stable,Low,0
2022-11-15 00:00:00-05:00,151.57333463563305,152.9375096893802,147.92887953514855,149.402587890625,89868300,0.0,0.0,Up,Medium,1
2022-11-16 00:00:00-05:00,148.4964498019785,149.23329630566616,146.66425520159535,148.1578826904297,64218300,0.0,0.0,Stable,Low,2
2022-11-17 00:00:00-05:00,145.80791337597523,150.83646247349148,145.52910411694936,150.07969665527344,80389400,0.0,0.0,Up,Low,3
2022-11-18 00:00:00-05:00,151.66293352491337,152.0512760661458,149.33287827751886,150.6472625732422,74829600,0.0,0.0,Stable,Low,4
2022-11-21 00:00:00-05:00,149.5220702151217,149.73116955132988,147.09243377751235,147.38119506835938,58724100,0.0,0.0,Down,Low,0
2022-11-22 00:00:00-05:00,147.50069818193344,149.78096279681515,146.30578403537697,149.54197692871094,51804100,0.0,0.0,Up,Low,1
2022-11-23 00:00:00-05:00,148.81509450553884,151.1849885088291,148.70556120637923,150.42822265625,58301400,0.0,0.0,Stable,Low,2
2022-11-25 00:00:00-05:00,147.6799212121765,148.24750693206525,146.4949743462733,147.48077392578125,35195900,0.0,0.0,Down,Low,4
2022-11-28 00:00:00-05:00,144.52338947151054,146.01701690101933,142.77087209071394,143.6072998046875,69246000,0.0,0.0,Down,Low,0
2022-11-29 00:00:00-05:00,143.67700718894477,144.19480233115186,139.75375822434978,140.5702667236328,83763800,0.0,0.0,Down,Low,1
2022-11-30 00:00:00-05:00,140.7992698334425,148.0881788215148,139.95289009179822,147.40110778808594,111380900,0.0,0.0,Up,Medium,2
2022-12-01 00:00:00-05:00,147.5803655873785,148.49645532465777,145.9871567957836,147.679931640625,71250400,0.0,0.0,Stable,Low,3
2022-12-02 00:00:00-05:00,145.3399211304143,147.37124786153967,145.03122534831445,147.1820526123047,65447400,0.0,0.0,Stable,Low,4
2022-12-05 00:00:00-05:00,147.14223643515055,150.27884828657326,145.15073298816077,146.007080078125,68826400,0.0,0.0,Stable,Low,0
2022-12-06 00:00:00-05:00,146.44520220755183,146.6742208323492,141.31707210246435,142.30287170410156,64727200,0.0,0.0,Down,Low,1
2022-12-07 00:00:00-05:00,141.58593718829042,142.76091690562077,139.4052385260274,140.34124755859375,69721100,0.0,0.0,Down,Low,2
2022-12-08 00:00:00-05:00,141.75521451855485,142.91029015257863,140.50057282957653,142.04397583007812,62128300,0.0,0.0,Up,Low,3
2022-12-09 00:00:00-05:00,141.7352887981799,144.9515776259649,140.30140396500693,141.55606079101562,76097000,0.0,0.0,Stable,Low,4
2022-12-12 00:00:00-05:00,142.0937557270374,143.88611171452328,140.46072364820898,143.87615966796875,70462700,0.0,0.0,Up,Low,0
2022-12-13 00:00:00-05:00,148.86488325091187,149.33288777832163,143.62723463445323,144.8520050048828,93886200,0.0,0.0,Stable,Medium,1
2022-12-14 00:00:00-05:00,144.73250082928038,146.03693299146755,140.56029920313372,142.60159301757812,82291200,0.0,0.0,Down,Low,2
2022-12-15 00:00:00-05:00,140.51052085533328,141.1975919489063,135.45210047307742,135.92010498046875,98931900,0.0,0.0,Down,Medium,3
2022-12-16 00:00:00-05:00,136.10929941726744,137.06521252037282,133.16186776243538,133.9385528564453,160156900,0.0,0.0,Down,High,4
2022-12-19 00:00:00-05:00,134.5360128336952,134.6256268401695,130.76212057494766,131.80764770507812,79592600,0.0,0.0,Down,Low,0
2022-12-20 00:00:00-05:00,130.83180791393468,132.68390657976732,129.33818044774594,131.73794555664062,77432800,0.0,0.0,Stable,Low,1
2022-12-21 00:00:00-05:00,132.41504971246266,136.22878034227125,132.18603108805138,134.8745574951172,85928000,0.0,0.0,Up,Medium,2
2022-12-22 00:00:00-05:00,133.7792473500558,133.98834669902533,129.7464499148839,131.66824340820312,77852100,0.0,0.0,Down,Low,3
2022-12-23 00:00:00-05:00,130.3638109159962,131.85743846800435,129.0892499537998,131.29981994628906,63814900,0.0,0.0,Stable,Low,4
2022-12-27 00:00:00-05:00,130.8218556336214,130.85172696737467,128.17315261842685,129.4775848388672,69007800,0.0,0.0,Down,Low,1
2022-12-28 00:00:00-05:00,129.11911526196144,130.47333812032483,125.33526353169624,125.5045394897461,85438400,0.0,0.0,Down,Medium,2
2022-12-29 00:00:00-05:00,127.44625154052879,129.92567102156607,127.18736158138809,129.0593719482422,75703700,0.0,0.0,Up,Low,3
2022-12-30 00:00:00-05:00,127.86447439683816,129.39792526896935,126.88863442668149,129.3780059814453,77034200,0.0,0.0,Stable,Low,4
